
{
    "region" : "us-east-1",
    "configuration" : "Debug",
    "framework"     : "net6.0",
    "self-contained" : false,
    "application"    : "carbonvic",
    "environment"    : "carbonvic-dev",
    "enable-xray"    : false,
    "enhanced-health-type" : "basic",
    "additional-options"   : "\"aws:autoscaling:launchconfiguration,SecurityGroups\"=\"sg-092e78eba8466bb72\";\"aws:ec2:vpc,Subnets\"=\"subnet-0fd82dd0e51bb15e0\";\"aws:ec2:vpc,ELBSubnets\"=\"subnet-0fd82dd0e51bb15e0,subnet-08161b2f7e08e8d24,subnet-0f67b6d474004159c,subnet-01f91d909baa92c6b,subnet-0f75502710f0f0471,subnet-0c6eaa56aeb99d6fe\"",
    "solution-stack"       : "64bit Amazon Linux 2 v2.5.6 running .NET Core",
    "environment-type"     : "LoadBalanced",
    "loadbalancer-type"    : "application",
    "cname"                : "carbonvic-dev",
    "instance-type"        : "t2.micro",
    "key-pair"             : "",
    "health-check-url"     : "/",
    "instance-profile"     : "aws-elasticbeanstalk-ec2-role",
    "service-role"         : "aws-elasticbeanstalk-service-role",
    "proxy-server"         : "nginx"
}